"Variable","OLS","std.error","statistic","p.value","LASSO"
"youtube",4.62053932460717,0.0926924784180399,49.8480502783483,2.49824327417844e-97,4.59964490022555
"facebook",3.33311072358322,0.0956557098083967,34.8448694830619,3.21510435975844e-75,3.31583446053943
"log_newspaper",0.110803614293117,0.0958907497542147,1.15551932357529,0.249655948625029,0.0891810178304827
"youtube_facebook_interaction",1.69524901599932,0.0912093981544295,18.5863414330291,2.72546729082003e-41,1.67242742640876
