"Model","R_squared","RMSE"
"OLS",0.976256047569984,0.960671336559425
"LASSO",0.976748158682289,0.950663897400896
